model,stratum,size,metric_type,md,rd,weight,tp,tn,fp,fn,PPredd,NPredd,p_d,avg_s_k,avg_c_k,avg_c_tilde
random_forest,1,72,auroc_or_balacc,0.66524064171123,0.8894790602655772,0.2,4,49,6,13,10,62,0.8611111130401234,0.9076388888888888,0.9076388888888888,0.9076388888888888
random_forest,2,72,auroc_or_balacc,0.6273291925465838,0.8387884709330727,0.2,6,45,4,17,10,62,0.8611111130401234,0.9027777777777778,0.9027777777777778,0.9027777777777778
random_forest,3,72,auroc_or_balacc,0.7109090909090908,0.9505413687436158,0.2,5,46,4,17,9,63,0.875000001736111,0.9111111111111112,0.9111111111111112,0.9111111111111112
random_forest,4,72,auroc_or_balacc,0.705349794238683,0.9431081518472278,0.2,8,38,7,19,15,57,0.7916666695601852,0.9222222222222223,0.9222222222222223,0.9222222222222223
random_forest,5,72,auroc_or_balacc,0.7478991596638656,1.0,0.2,6,50,1,15,7,65,0.9027777791280864,0.9104166666666669,0.9104166666666669,0.9104166666666669
