{
  "model": "gbm",
  "params": {
    "weighting": "subject",
    "agg": "mean",
    "D_default": 5,
    "n_min": 30,
    "threshold_for_penalty": 0.5
  },
  "K_subjects_val": 360,
  "beta": 0.9,
  "P_features": 20,
  "M_max": 20.0,
  "metric_mmax": 0.7105508870214753,
  "R": 0.9356667738701676,
  "C_star": 0.9104166660344328,
  "P_tot": 0.7638888921682099,
  "wR": 0.417975753476109,
  "wC_star": 0.582024246523891,
  "C_raw": 0.920970598882427,
  "Score_base": 9,
  "AI_Completeness_Score": 8
}