k,metric,delta_vs_full
5,0.5255636363636363,-0.15930909090909096
10,0.6157818181818182,-0.06909090909090909
19,0.6848727272727273,0.0
