{
  "model": "random_forest",
  "C_empirical": 1.0,
  "E_nonconforming": 0,
  "N_checked": 6945,
  "M0_baseline": 0.7002545454545455,
  "delta_max": 0.04207272727272737,
  "R_robustness": 0.5792727272727263,
  "wC": 2.376825347848384e-06,
  "wR": 0.9999976231746521,
  "S_raw": 0.5792737272679727,
  "AI_Conformance_Score": 6,
  "metric_type": "auroc",
  "psi_levels": [
    1,
    3,
    5,
    10
  ],
  "params": {
    "cap_E_over_N": 0.05,
    "test_size": 0.3,
    "random_state": 42
  }
}