{
  "model": "gbm",
  "C_empirical": 1.0,
  "E_nonconforming": 0,
  "N_checked": 6945,
  "M0_baseline": 0.6977818181818183,
  "delta_max": 0.03781818181818197,
  "R_robustness": 0.6218181818181803,
  "wC": 2.6442167853919893e-06,
  "wR": 0.9999973557832146,
  "S_raw": 0.6218191818128919,
  "AI_Conformance_Score": 6,
  "metric_type": "auroc",
  "psi_levels": [
    1,
    3,
    5,
    10
  ],
  "params": {
    "cap_E_over_N": 0.05,
    "test_size": 0.3,
    "random_state": 42
  }
}