psi_percent,metric,drop
1,0.6749454545454545,0.022836363636363766
3,0.6504,0.0473818181818183
5,0.6696,0.028181818181818308
10,0.6609454545454546,0.03683636363636367
