psi_percent,metric,drop
1,0.7780363636363636,0.0
3,0.7649090909090909,0.0036000000000001586
5,0.7230181818181817,0.04549090909090936
10,0.7152000000000001,0.05330909090909097
