psi_percent,metric,drop
1,0.7111636363636364,0.0
3,0.6890545454545455,0.011199999999999988
5,0.6734181818181818,0.026836363636363658
10,0.6285454545454545,0.07170909090909094
