{
  "model": "logreg_en",
  "auc": 0.6994680673558877,
  "auprc": 0.5448331214692509,
  "f1": 0.5238744884038199,
  "recall": 0.7470817120622568,
  "precision": 0.40336134453781514,
  "specificity": 0.5128644939965694,
  "brier": 0.2165087082025072,
  "threshold": 0.39999999999999997
}