model,auc,auprc,f1,recall,precision,specificity,brier,threshold
logreg_en,0.7314195432941568,0.5746525924744481,0.5519630484988453,0.6512261580381471,0.4789579158316633,0.687875150060024,0.20719516602862645,0.49999999999999994
random_forest,0.6886929158584414,0.5030279657078283,0.5258033106134372,0.7356948228882834,0.4090909090909091,0.531812725090036,0.19258160205510277,0.3
gbm,0.6583832443058967,0.4875807763253161,0.5055432372505543,0.6212534059945504,0.4261682242990654,0.631452581032413,0.2280971627188136,0.15
