{
  "model": "gbm",
  "auc": 0.6583832443058967,
  "auprc": 0.4875807763253161,
  "f1": 0.5055432372505543,
  "recall": 0.6212534059945504,
  "precision": 0.4261682242990654,
  "specificity": 0.631452581032413,
  "brier": 0.2280971627188136,
  "threshold": 0.15
}