{
  "model": "logreg_en",
  "auc": 0.7314195432941568,
  "auprc": 0.5746525924744481,
  "f1": 0.5519630484988453,
  "recall": 0.6512261580381471,
  "precision": 0.4789579158316633,
  "specificity": 0.687875150060024,
  "brier": 0.20719516602862645,
  "threshold": 0.49999999999999994
}