{
  "model": "random_forest",
  "auc": 0.6886929158584414,
  "auprc": 0.5030279657078283,
  "f1": 0.5258033106134372,
  "recall": 0.7356948228882834,
  "precision": 0.4090909090909091,
  "specificity": 0.531812725090036,
  "brier": 0.19258160205510277,
  "threshold": 0.3
}