A_accuracy,P_plausibility,wA,wP,S_raw,AI_Validity_Score
0.5,1.0,0.9999980000080001,1.999991999901418e-06,0.500000999996,5
0.5,1.0,0.0,1.0,1.0,10,False
