model,A_accuracy,P_plausibility,wA,wP,S_raw,AI_Validity_Score
logreg_en,0.0017225099625974535,1.0000000000000002,0.999998998276525,1.0017234749470916e-06,0.0017235099605937352,0
random_forest,0.003784960661761851,1.0,0.9999989962026743,1.0037973257048804e-06,0.003785960659754166,0
gbm,0.012137202298676902,0.9999999999999999,0.9999989877157255,1.0122842745152738e-06,0.012138202296652394,0
logreg_en,0.0028563712618538723,1.0000000000000002,0.9999989971374583,1.0028625416769188e-06,0.0028573712598478056,0
random_forest,0.005677344314209523,1.0,0.9999989942922624,1.0057077376446344e-06,0.005678344312198062,0
gbm,0.018710876804910015,0.9999999999999999,0.9999989809344277,1.0190655722608355e-06,0.018711876802871896,0
